Workbook

Sheet Odds Board
A1: 2026 FIFA World Cup — Title Odds
A2: Ranked by Vegas odds to win. Team names shown in flag colors. Source: ESPN/DraftKings, updated Apr 2026; BetMGM top tier confirmed Jun 6 2026.
A4: Rank | B4: Team | C4: Group | D4: Odds (American) | E4: Implied Win %
A5: 1 | B5: Spain | C5: H | D5: 450 | E5: =1/(D5/100+1) -> 0.18181818
A6: 2 | B6: France | C6: I | D6: 600 | E6: =1/(D6/100+1) -> 0.14285714
A7: 3 | B7: England | C7: L | D7: 600 | E7: =1/(D7/100+1) -> 0.14285714
A8: 4 | B8: Brazil | C8: C | D8: 850 | E8: =1/(D8/100+1) -> 0.10526316
A9: 5 | B9: Argentina | C9: J | D9: 850 | E9: =1/(D9/100+1) -> 0.10526316
A10: 6 | B10: Portugal | C10: K | D10: 1100 | E10: =1/(D10/100+1) -> 0.083333333
A11: 7 | B11: Germany | C11: E | D11: 1400 | E11: =1/(D11/100+1) -> 0.066666667
A12: 8 | B12: Netherlands | C12: F | D12: 2000 | E12: =1/(D12/100+1) -> 0.047619048
A13: 9 | B13: Norway | C13: I | D13: 2800 | E13: =1/(D13/100+1) -> 0.034482759
A14: 10 | B14: Belgium | C14: G | D14: 3500 | E14: =1/(D14/100+1) -> 0.027777778
A15: 11 | B15: Colombia | C15: K | D15: 4000 | E15: =1/(D15/100+1) -> 0.024390244
A16: 12 | B16: Japan | C16: F | D16: 5000 | E16: =1/(D16/100+1) -> 0.019607843
... A52: 48 | B52: Curacao | C52: E | D52: 150000 | E52: =1/(D52/100+1) -> 0.00066622252

Sheet Draft Board
A1: Draft Board — 6 Teams × 8 Picks
A2: Pick from the dropdown in each cell. 'Total Implied Win %' sums each squad's title probability — a built-in backup score.
A4: Pick | B4: Team 1 | C4: Team 2 | D4: Team 3 | E4: Team 4 | F4: Team 5 | G4: Team 6
A5: Drafter | B5: (enter name) | C5: (enter name) | D5: (enter name) | E5: (enter name) | F5: (enter name) | G5: (enter name)
A6: 1
A7: 2
A8: 3
A9: 4
A10: 5
A11: 6
A12: 7
A13: 8
A14: # Picks | B14: =COUNTA(B6:B13) -> 0 | C14: =COUNTA(C6:C13) -> 0 | D14: =COUNTA(D6:D13) -> 0 | E14: =COUNTA(E6:E13) -> 0 | F14: =COUNTA(F6:F13) -> 0 | G14: =COUNTA(G6:G13) -> 0
A15: Total Implied Win % | B15: =SUMPRODUCT(IFERROR(VLOOKUP(B6:B13,'Odds Board'!$B$5:$E$52,4,0),0)) -> 0 | C15: =SUMPRODUCT(IFERROR(VLOOKUP(C6:C13,'Odds Board'!$B$5:$E$52,4,0),0)) -> 0 | D15: =SUMPRODUCT(IFERROR(VLOOKUP(D6:D13,'Odds Board'!$B$5:$E$52,4,0),0)) -> 0 | E15: =SUMPRODUCT(IFERROR(VLOOKUP(E6:E13,'Odds Board'!$B$5:$E$52,4,0),0)) -> 0 | F15: =SUMPRODUCT(IFERROR(VLOOKUP(F6:F13,'Odds Board'!$B$5:$E$52,4,0),0)) -> 0 | G15: =SUMPRODUCT(IFERROR(VLOOKUP(G6:G13,'Odds Board'!$B$5:$E$52,4,0),0)) -> 0
